<?xml version="1.0" encoding="UTF-8"?><rss version="2.0"
	xmlns:content="http://purl.org/rss/1.0/modules/content/"
	xmlns:wfw="http://wellformedweb.org/CommentAPI/"
	xmlns:dc="http://purl.org/dc/elements/1.1/"
	xmlns:atom="http://www.w3.org/2005/Atom"
	xmlns:sy="http://purl.org/rss/1.0/modules/syndication/"
	xmlns:slash="http://purl.org/rss/1.0/modules/slash/"
	>

<channel>
	<title>Sin categoría &#8211; Tienda online Cris docente</title>
	<atom:link href="/category/sin-categoria/feed/" rel="self" type="application/rss+xml" />
	<link></link>
	<description>Otro sitio realizado con WordPress</description>
	<lastBuildDate>Mon, 31 May 2021 00:14:22 +0000</lastBuildDate>
	<language>es</language>
	<sy:updatePeriod>
	hourly	</sy:updatePeriod>
	<sy:updateFrequency>
	1	</sy:updateFrequency>
	<generator>https://wordpress.org/?v=5.7.2</generator>

<image>
	<url>/wp-content/uploads/2021/05/Logo-docente-cursowp-2.jpg</url>
	<title>Sin categoría &#8211; Tienda online Cris docente</title>
	<link></link>
	<width>32</width>
	<height>32</height>
</image> 
	<item>
		<title>¡Hola, mundo!</title>
		<link>/2021/05/31/hola-mundo/</link>
					<comments>/2021/05/31/hola-mundo/#comments</comments>
		
		<dc:creator><![CDATA[northbridgeangel]]></dc:creator>
		<pubDate>Mon, 31 May 2021 00:14:22 +0000</pubDate>
				<category><![CDATA[Sin categoría]]></category>
		<guid isPermaLink="false">/?p=1</guid>

					<description><![CDATA[Bienvenido a WordPress. Esta es tu primera entrada. Edítala o bórrala, ¡luego empieza a escribir!]]></description>
										<content:encoded><![CDATA[
<p>Bienvenido a WordPress. Esta es tu primera entrada. Edítala o bórrala, ¡luego empieza a escribir!</p>
]]></content:encoded>
					
					<wfw:commentRss>/2021/05/31/hola-mundo/feed/</wfw:commentRss>
			<slash:comments>1</slash:comments>
		
		
			</item>
	</channel>
</rss>
